nombre,dataset_path,total_filas,productos_unicos,secuencias_train,secuencias_val,epocas_entrenadas,rmse_scaled,mae_scaled,rmse_real,mae_real,min_stock,max_stock,rango_stock,error_relativo_pct,tiempo_carga,tiempo_preprocesamiento,tiempo_secuencias,tiempo_entrenamiento,tiempo_evaluacion,tiempo_total
subset_30_productos,data/subset_30_productos.csv,930,30,576,144,14,0.17453721964299374,0.15896004438400269,1087.8905110989099,990.7980051408716,0.0,6233.0,6233.0,15.89600521644267,0.008795738220214844,0.01129770278930664,0.03243565559387207,2.002979040145874,0.19697117805480957,2.2529425621032715
subset_50_productos,data/subset_50_productos.csv,1550,50,960,240,57,0.07671685157221717,0.059455301612615585,478.1761310778822,370.58491939262217,0.0,6233.0,6233.0,5.945530553387168,0.023009061813354492,0.021124839782714844,0.05408501625061035,6.437894821166992,0.2199230194091797,6.756726264953613
subset_100_productos,data/subset_100_productos.csv,3100,100,1920,480,40,0.13169030517030914,0.11721781641244888,820.8256887139398,730.618667258718,0.0,6233.0,6233.0,11.721781922969967,0.01288294792175293,0.01427149772644043,0.10652518272399902,8.071293115615845,0.14261531829833984,8.348653316497803
subset_200_productos,data/subset_200_productos.csv,6200,200,3840,960,31,0.06923775370064622,0.052979469299316406,431.5589428407695,330.22102240123496,0.0,6233.0,6233.0,5.297946773644071,0.03081989288330078,0.020529985427856445,0.22346162796020508,9.271946907043457,0.14332151412963867,9.692631721496582
subset_500_productos,data/subset_500_productos.csv,15500,500,9600,2400,35,0.0487512698909837,0.0388009212911129,313.7144127815475,249.68394863625582,0.0,6435.0,6435.0,3.8800924418998575,0.056975364685058594,0.03693699836730957,0.5518412590026855,25.115702629089355,0.18927955627441406,25.956741333007812
subset_1000_productos,data/subset_1000_productos.csv,31000,1000,19200,4800,23,0.0424673482210575,0.029708435758948326,273.27738980378706,191.173796295347,0.0,6435.0,6435.0,2.9708437652734574,0.0825963020324707,0.054754018783569336,1.1142189502716064,28.70398211479187,0.3603980541229248,30.328795433044434
