{
  "experimento": "subset_500_productos",
  "fecha": "2025-10-29 12:34:58",
  "total_filas": 15500,
  "productos_unicos": 500,
  "secuencias_train": 9600,
  "secuencias_val": 2400,
  "epocas_entrenadas": 42,
  "rmse_scaled": 0.13828328583721972,
  "mae_scaled": 0.09796268492937088,
  "rmse_real": 361.1959508321373,
  "mae_real": 255.87852731944267,
  "min_stock": 5.435943603515625e-05,
  "max_stock": 5638.999895572662,
  "rango_stock": 5638.999841213226,
  "error_relativo_pct": 4.537657998308981,
  "tiempo_carga": 0.09551119804382324,
  "tiempo_preprocesamiento": 0.07256197929382324,
  "tiempo_secuencias": 1.0387449264526367,
  "tiempo_entrenamiento": 28.169450044631958,
  "tiempo_evaluacion": 0.36905646324157715,
  "tiempo_total": 29.755757331848145
}