nombre,dataset_path,total_filas,productos_unicos,secuencias_train,secuencias_val,epocas_entrenadas,rmse_scaled,mae_scaled,rmse_real,mae_real,min_stock,max_stock,rango_stock,error_relativo_pct,tiempo_carga,tiempo_preprocesamiento,tiempo_secuencias,tiempo_entrenamiento,tiempo_evaluacion,tiempo_total
subset_30_productos,subset_30_productos.csv,930,30,576,144,12,0.37159747017706574,0.32949256896972656,951.103729639672,843.3362295468111,31.999976694583893,4480.000075519085,4448.000098824501,18.959896825759614,0.017066240310668945,0.026831865310668945,0.04837942123413086,3.6156797409057617,0.3393723964691162,4.04876708984375
subset_50_productos,subset_50_productos.csv,1550,50,960,240,19,0.6441683817030894,0.47794684767723083,1649.071113734776,1223.5439779013395,0.0,4531.000061035156,4531.000061035156,27.003839360395144,0.016286611557006836,0.03070807456970215,0.10079121589660645,4.886781215667725,0.3912491798400879,5.4278624057769775
subset_100_productos,subset_100_productos.csv,3100,100,1920,480,36,0.3639917910758482,0.27533069252967834,973.1320310918038,736.0966173609933,-2.524256706237793e-05,5677.000155508518,5677.000180751085,12.966295471627154,0.02661752700805664,0.030579090118408203,0.19504642486572266,9.891437768936157,0.25037360191345215,10.397076845169067
subset_200_productos,subset_200_productos.csv,6200,200,3840,960,23,0.21336719122879635,0.1663908064365387,552.674372985732,430.9937542439037,2.785027027130127e-05,5638.999870926142,5638.9998430758715,7.643088601485261,0.04008960723876953,0.06556153297424316,0.39444565773010254,9.559978485107422,0.27748537063598633,10.343514919281006
subset_500_productos,subset_500_productos.csv,15500,500,9600,2400,42,0.13828328583721972,0.09796268492937088,361.1959508321373,255.87852731944267,5.435943603515625e-05,5638.999895572662,5638.999841213226,4.537657998308981,0.09551119804382324,0.07256197929382324,1.0387449264526367,28.169450044631958,0.36905646324157715,29.755757331848145
subset_1000_productos,subset_1000_productos.csv,31000,1000,19200,4800,53,0.11887739760706624,0.08416102081537247,298.85776596020935,211.58081896777404,-1.3113021850585938e-05,6263.999958276749,6263.9999713897705,3.377727010443,0.1625995635986328,0.12515902519226074,1.8963901996612549,62.908119678497314,0.4705371856689453,65.59503054618835
